Experiment,Virus,Timepoint,IFNaConc,Replicate,TotalEventsCount,SingletsCount,PercLiveCells,LiveCellsCount,PerInfectedofLiveCells,CountInfectedCellsofLiveCells,CountNonInfectedofLiveCells,PercDeadCells,CountDeadCells,PercInfectedofDeadCells,CountInfectedofDeadCells,CountNoninfectedofDeadCells, SampleID, CellsPerUL,  TotalVolume, AcquisitionTime,CellsInExperimentInCellsPerUl
ES_IFNa_moredoses,CH058-TF,1,0,1,14392,14048,85.1,11955,0.26,31,11924,14.9,2090,0.096,2,2088, A01,148.0779793,97.19203402,164.7322611,296.1559586
ES_IFNa_moredoses,CH058-TF,1,0,2,14631,14298,86.1,12305,0.2,24,12281,13.9,1993,0.15,3,1990, C01,150.538229,97.19125895,164.7309474,301.0764581
ES_IFNa_moredoses,CH058-TF,1,0,3,14715,14366,85.6,12292,0.2,24,12268,14.4,2074,0.39,8,2066, E01,151.4029842,97.19095091,164.7304253,302.8059683
ES_IFNa_moredoses,CH058-TF,1,0,4,15077,14692,85.4,12549,0.27,34,12515,14.6,2143,0.23,5,2138, G01,155.3109026,97.07624994,164.5360168,310.6218052
ES_IFNa_moredoses,CH058-6MO,1,0,1,14782,14445,85.8,12388,0.29,36,12352,14.2,2056,0.39,8,2048, A02,152.2737844,97.07514695,164.5341474,304.5475689
ES_IFNa_moredoses,CH058-6MO,1,0,2,14873,14488,85.3,12357,0.32,39,12318,14.7,2131,0.23,5,2126, C02,153.0267881,97.19213339,164.7324295,306.0535762
ES_IFNa_moredoses,CH058-6MO,1,0,3,14928,14558,85.3,12422,0.39,48,12374,14.7,2134,0.28,6,2128, E02,153.5945933,97.19092109,164.7303747,307.1891866
ES_IFNa_moredoses,CH058-6MO,1,0,4,14771,14453,85.5,12355,0.32,40,12315,14.5,2098,0.048,1,2097, G02,151.9798998,97.19048387,164.7296337,303.9597996
ES_IFNa_moredoses,CH058-TF,1,0.1,1,14914,14522,85.7,12450,0.18,22,12428,14.3,2070,0.24,5,2065, A03,153.449433,97.19162661,164.7315705,306.8988661
ES_IFNa_moredoses,CH058-TF,1,0.1,2,15204,14787,86,12718,0.19,24,12694,14,2069,0.14,3,2066, C03,156.6217337,97.07465011,164.5333053,313.2434674
ES_IFNa_moredoses,CH058-TF,1,0.1,3,15292,14904,85.5,12739,0.2,25,12714,14.5,2163,0.18,4,2159, E03,157.3423247,97.18936101,164.7277305,314.6846495
ES_IFNa_moredoses,CH058-TF,1,0.1,4,15510,15137,85.9,13005,0.28,36,12969,14.1,2131,0.23,5,2126, G03,159.5806859,97.19221288,164.7325642,319.1613719
ES_IFNa_moredoses,CH058-6MO,1,0.1,1,14433,14035,85.4,11983,0.29,35,11948,14.6,2050,0.24,5,2045, A04,148.5011303,97.19117945,164.7308126,297.0022605
ES_IFNa_moredoses,CH058-6MO,1,0.1,2,14698,14258,84.4,12035,0.25,30,12005,15.6,2223,0.18,4,2219, C04,151.4083359,97.07523638,164.5342989,302.8166719
ES_IFNa_moredoses,CH058-6MO,1,0.1,3,14715,14291,85.5,12215,0.25,31,12184,14.5,2074,0.19,4,2070, E04,151.4035879,97.19056337,164.7297684,302.8071757
ES_IFNa_moredoses,CH058-6MO,1,0.1,4,14754,14335,84.9,12177,0.34,42,12135,15,2155,0.093,2,2153, G04,151.8029524,97.1917856,164.73184,303.6059047
ES_IFNa_moredoses,CH058-TF,1,0.2,1,14417,14089,90.1,12696,0.26,33,12663,9.88,1392,0.29,4,1388, A05,148.3375831,97.19047394,164.7296168,296.6751661
ES_IFNa_moredoses,CH058-TF,1,0.2,2,14942,14569,90.1,13124,0.37,48,13076,9.91,1444,0.21,3,1441, C05,153.9227011,97.07469979,164.5333895,307.8454022
ES_IFNa_moredoses,CH058-TF,1,0.2,3,15471,15105,89.3,13496,0.25,34,13462,10.6,1606,0.062,1,1605, E05,159.1820557,97.19060312,164.7298358,318.3641114
ES_IFNa_moredoses,CH058-TF,1,0.2,4,15483,15095,89.7,13545,0.27,37,13508,10.3,1549,0.065,1,1548, G05,159.3048078,97.19104034,164.7305768,318.6096156
ES_IFNa_moredoses,CH058-6MO,1,0.2,1,14442,14055,89.5,12577,0.36,45,12532,10.5,1476,0.27,4,1472, A06,148.7735818,97.07368623,164.5316716,297.5471636
ES_IFNa_moredoses,CH058-6MO,1,0.2,2,14652,14250,89.4,12745,0.28,36,12709,10.5,1503,0.47,7,1496, C06,150.7550223,97.19079192,164.7301558,301.5100445
ES_IFNa_moredoses,CH058-6MO,1,0.2,3,15019,14589,88.5,12914,0.25,32,12882,11.5,1673,0.24,4,1669, E06,154.5287935,97.19224269,164.7326147,309.057587
ES_IFNa_moredoses,CH058-6MO,1,0.2,4,14919,14458,89.3,12910,0.24,31,12879,10.7,1546,0.26,4,1542, G06,153.5012702,97.19137819,164.7311495,307.0025403
ES_IFNa_moredoses,CH058-TF,1,0.3,1,15137,14712,85.2,12540,0.23,29,12511,14.7,2168,0.23,5,2163, A07,155.7427707,97.19231225,164.7327326,311.4855414
ES_IFNa_moredoses,CH058-TF,1,0.3,2,15452,14944,85.8,12820,0.31,40,12780,14.2,2120,0,0,2120, C07,158.9862385,97.19080185,164.7301726,317.9724769
ES_IFNa_moredoses,CH058-TF,1,0.3,3,15781,15342,85.9,13174,0.24,32,13142,14.1,2167,0.18,4,2163, E07,162.3712329,97.19086147,164.7302737,324.7424657
ES_IFNa_moredoses,CH058-TF,1,0.3,4,15587,15131,84.9,12852,0.33,43,12809,15.1,2278,0.26,6,2272, G07,160.3771773,97.18963924,164.7282021,320.7543545
ES_IFNa_moredoses,CH058-6MO,1,0.3,1,14557,14130,87.6,12375,0.34,42,12333,12.4,1754,0.11,2,1752, A08,149.7773643,97.19092109,164.7303747,299.5547287
ES_IFNa_moredoses,CH058-6MO,1,0.3,2,15273,14826,88,13053,0.35,46,13007,12,1773,0.28,5,1768, C08,157.143681,97.19130863,164.7310316,314.287362
ES_IFNa_moredoses,CH058-6MO,1,0.3,3,15834,15337,88.6,13586,0.32,44,13542,11.4,1751,0.17,3,1748, E08,163.1107664,97.07513701,164.5341305,326.2215329
ES_IFNa_moredoses,CH058-6MO,1,0.3,4,15748,15293,87.6,13404,0.31,41,13363,12.3,1886,0.21,4,1882, G08,162.0310818,97.19122914,164.7308968,324.0621636
ES_IFNa_moredoses,CH058-TF,1,0.4,1,17176,16572,84.4,13993,0.29,40,13953,15.6,2577,0.16,4,2573, A09,176.9370294,97.07408371,164.5323453,353.8740587
ES_IFNa_moredoses,CH058-TF,1,0.4,2,17279,16649,85.1,14166,0.35,50,14116,14.9,2478,0.12,3,2475, C09,177.783532,97.19122914,164.7308968,355.5670641
ES_IFNa_moredoses,CH058-TF,1,0.4,3,17287,16687,85.4,14243,0.26,37,14206,14.6,2444,0.082,2,2442, E09,177.8669533,97.19062299,164.7298695,355.7339066
ES_IFNa_moredoses,CH058-TF,1,0.4,4,17785,17202,84.4,14527,0.36,53,14474,15.5,2674,0.19,5,2669, G09,182.9908296,97.19066274,164.7299368,365.9816591
ES_IFNa_moredoses,CH058-6MO,1,0.4,1,17096,16395,85.1,13955,0.28,39,13916,14.9,2438,0.16,4,2434, A10,175.8999267,97.19162661,164.7315705,351.7998535
ES_IFNa_moredoses,CH058-6MO,1,0.4,2,16619,16046,85.4,13707,0.3,41,13666,14.6,2337,0.086,2,2335, C10,171.1980221,97.07471966,164.5334232,342.3960442
ES_IFNa_moredoses,CH058-6MO,1,0.4,3,17065,16412,84.6,13883,0.36,50,13833,15.4,2529,0.079,2,2527, E10,175.5845596,97.18963924,164.7282021,351.1691191
ES_IFNa_moredoses,CH058-6MO,1,0.4,4,16269,15578,85,13235,0.37,49,13186,15,2340,0.26,6,2334, G10,167.3931368,97.19036463,164.7294316,334.7862736
ES_IFNa_moredoses,CH058-TF,1,0.5,1,13137,12628,89.6,11312,0.34,39,11273,10.4,1316,0.15,2,1314, A11,135.1651911,97.19218307,164.7325137,270.3303822
ES_IFNa_moredoses,CH058-TF,1,0.5,2,13736,13182,88.7,11699,0.4,47,11652,11.2,1478,0,0,1478, C11,141.3280504,97.19231225,164.7327326,282.6561007
ES_IFNa_moredoses,CH058-TF,1,0.5,3,13517,13047,89.1,11624,0.34,40,11584,10.9,1421,0.35,5,1416, E11,139.0752834,97.19196446,164.7321432,278.1505668
ES_IFNa_moredoses,CH058-TF,1,0.5,4,13296,12760,88.9,11339,0.26,29,11310,11.1,1417,0.21,3,1414, G11,136.8034889,97.19050375,164.7296674,273.6069778
ES_IFNa_moredoses,CH058-6MO,1,0.5,1,13526,13011,88.3,11487,0.28,32,11455,11.7,1522,0.2,3,1519, A12,139.3356824,97.0749184,164.53376,278.6713648
ES_IFNa_moredoses,CH058-6MO,1,0.5,2,13454,12971,88.2,11434,0.45,51,11383,11.8,1533,0.13,2,1531, C12,138.4289498,97.1906528,164.72992,276.8578997
ES_IFNa_moredoses,CH058-6MO,1,0.5,3,13977,13480,87.4,11788,0.39,46,11742,12.5,1690,0.12,2,1688, E12,143.8084349,97.19179554,164.7318568,287.6168698
ES_IFNa_moredoses,CH058-6MO,1,0.5,4,12783,12271,88.2,10823,0.39,42,10781,11.8,1445,0.35,5,1440, G12,131.6824606,97.07443149,164.5329347,263.3649212
ES_IFNa_moredoses,CH058-TF,2,0,1,20000,19412,77.7,15087,2.4,362,14725,22.3,4322,0.97,42,4280, A01,238.6849299,83.79247074,142.0211368,477.3698597
ES_IFNa_moredoses,CH058-TF,2,0,2,20000,19387,75.4,14620,2.07,303,14317,24.6,4766,1.11,53,4713, C01,222.0263176,90.07941137,152.6769684,444.0526353
ES_IFNa_moredoses,CH058-TF,2,0,3,20000,19424,72.1,14014,2.2,308,13706,27.9,5410,1.02,55,5355, E01,226.1209774,88.44822905,149.9122526,452.2419547
ES_IFNa_moredoses,CH058-TF,2,0,4,20000,19418,73.6,14287,2.46,352,13935,26.4,5131,1.33,68,5063, G01,224.4447725,89.10878063,151.0318316,448.8895451
ES_IFNa_moredoses,CH058-6MO,2,0,1,20000,19451,75,14594,2.22,324,14270,25,4856,1.11,54,4802, A02,230.5375609,86.75375899,147.0402695,461.0751219
ES_IFNa_moredoses,CH058-6MO,2,0,2,20000,19418,75.1,14585,2.91,425,14160,24.9,4830,1.61,78,4752, C02,220.2357532,90.81177651,153.9182653,440.4715064
ES_IFNa_moredoses,CH058-6MO,2,0,3,20000,19418,75.6,14674,2.43,357,14317,24.4,4742,1.24,59,4683, E02,218.106051,91.69851048,155.4212042,436.2121019
ES_IFNa_moredoses,CH058-6MO,2,0,4,20000,19462,75.5,14699,2.52,371,14328,24.5,4762,1.45,69,4693, G02,220.2351026,90.8120448,153.91872,440.4702051
ES_IFNa_moredoses,CH058-TF,2,0.1,1,20000,19340,77.3,14957,1.03,154,14803,22.7,4383,0.52,23,4360, A03,225.9147844,88.52895596,150.0490779,451.8295688
ES_IFNa_moredoses,CH058-TF,2,0.1,2,20000,19349,78.4,15165,1.17,178,14987,21.6,4183,0.6,25,4158, C03,231.1387775,86.52810324,146.6578021,462.2775549
ES_IFNa_moredoses,CH058-TF,2,0.1,3,20000,19386,78,15130,1.04,157,14973,21.9,4255,0.61,26,4229, E03,222.0136069,90.08456859,152.6857095,444.0272138
ES_IFNa_moredoses,CH058-TF,2,0.1,4,20000,19363,78.5,15195,1.08,164,15031,21.5,4164,0.46,19,4145, G03,229.2056999,87.25786493,147.8946863,458.4113997
ES_IFNa_moredoses,CH058-6MO,2,0.1,1,20000,19371,77.5,15019,0.86,129,14890,22.5,4350,0.37,16,4334, A04,225.4071028,88.72834863,150.3870316,450.8142056
ES_IFNa_moredoses,CH058-6MO,2,0.1,2,20000,19410,77.6,15055,1.11,167,14888,22.4,4352,0.55,24,4328, C04,209.2283933,95.58932076,162.0157979,418.4567866
ES_IFNa_moredoses,CH058-6MO,2,0.1,3,20000,19433,78.3,15215,0.84,128,15087,21.7,4217,0.43,18,4199, E04,226.3956981,88.34090122,149.7303411,452.7913961
ES_IFNa_moredoses,CH058-6MO,2,0.1,4,20000,19335,79.2,15305,0.95,145,15160,20.8,4027,0.3,12,4015, G04,226.2200197,88.40950518,149.8466189,452.4400393
ES_IFNa_moredoses,CH058-TF,2,0.2,1,20000,19477,85.5,16651,0.88,147,16504,14.5,2825,0.42,12,2813, A05,217.3946991,91.99856337,155.9297684,434.7893982
ES_IFNa_moredoses,CH058-TF,2,0.2,2,20000,19419,86,16693,0.99,166,16527,14,2724,0.44,12,2712, C05,216.7380936,92.27727192,156.4021558,433.4761873
ES_IFNa_moredoses,CH058-TF,2,0.2,3,20000,19428,86.2,16747,1.01,169,16578,13.8,2678,0.6,16,2662, E05,226.0811257,88.46381996,149.9386779,452.1622514
ES_IFNa_moredoses,CH058-TF,2,0.2,4,20000,19397,86.5,16771,0.89,150,16621,13.5,2625,0.42,11,2614, G05,228.4325214,87.55320775,148.3952674,456.8650427
ES_IFNa_moredoses,CH058-6MO,2,0.2,1,20000,19408,86.3,16746,0.93,155,16591,13.7,2658,0.53,14,2644, A06,213.0358799,93.88089937,159.1201684,426.0717597
ES_IFNa_moredoses,CH058-6MO,2,0.2,2,20000,19354,86.2,16680,1.09,182,16498,13.8,2672,0.56,15,2657, C06,215.2147568,92.93043048,157.5092042,430.4295137
ES_IFNa_moredoses,CH058-6MO,2,0.2,3,20000,19358,85.1,16468,1.01,166,16302,14.9,2887,0.73,21,2866, E06,217.1155638,92.1168416,156.13024,434.2311276
ES_IFNa_moredoses,CH058-6MO,2,0.2,4,20000,19332,85.7,16562,1,166,16396,14.3,2768,0.36,10,2758, G06,221.1214345,90.4480384,153.30176,442.242869
ES_IFNa_moredoses,CH058-TF,2,0.3,1,20000,19288,78.3,15095,0.94,142,14953,21.7,4191,0.55,23,4168, A07,222.9591597,89.70252682,152.0381811,445.9183193
ES_IFNa_moredoses,CH058-TF,2,0.3,2,20000,19206,79.8,15325,0.93,143,15182,20.2,3879,0.54,21,3858, C07,236.7112101,84.49114004,143.2053221,473.4224202
ES_IFNa_moredoses,CH058-TF,2,0.3,3,20000,19129,79.4,15180,0.91,138,15042,20.6,3947,0.25,10,3937, E07,229.5470962,87.12808977,147.6747284,459.0941923
ES_IFNa_moredoses,CH058-TF,2,0.3,4,20000,19129,79.7,15246,1.14,174,15072,20.3,3882,0.49,19,3863, G07,234.2813597,85.36744034,144.6905768,468.5627195
ES_IFNa_moredoses,CH058-6MO,2,0.3,1,20000,19083,78.2,14931,1.1,164,14767,21.7,4149,0.41,17,4132, A08,219.3930526,91.16058947,154.5094737,438.7861052
ES_IFNa_moredoses,CH058-6MO,2,0.3,2,20000,19017,77.8,14790,1.22,180,14610,22.2,4224,0.54,23,4201, C08,212.3018156,94.20550619,159.6703495,424.6036311
ES_IFNa_moredoses,CH058-6MO,2,0.3,3,20000,19110,78.9,15087,1.11,167,14920,21,4018,0.47,19,3999, E08,224.7538007,88.98625937,150.8241684,449.5076013
ES_IFNa_moredoses,CH058-6MO,2,0.3,4,20000,19053,78.9,15026,0.99,149,14877,21.1,4022,0.42,17,4005, G08,228.1027795,87.67977331,148.6097853,456.2055591
ES_IFNa_moredoses,CH058-TF,2,0.4,1,20000,19030,80.3,15273,0.94,144,15129,19.7,3752,0.21,8,3744, A09,246.4945568,81.13769432,137.5215158,492.9891136
ES_IFNa_moredoses,CH058-TF,2,0.4,2,20000,19078,81.4,15531,1.04,161,15370,18.6,3547,0.31,11,3536, C09,244.9258369,81.65737128,138.4023242,489.8516738
ES_IFNa_moredoses,CH058-TF,2,0.4,3,20000,19068,80.1,15268,1.05,160,15108,19.9,3798,0.55,21,3777, E09,240.2077019,83.26127697,141.1208084,480.4154039
ES_IFNa_moredoses,CH058-TF,2,0.4,4,20000,19005,80.6,15311,0.93,142,15169,19.4,3692,0.33,12,3680, G09,241.6148212,82.77637895,140.2989474,483.2296424
ES_IFNa_moredoses,CH058-6MO,2,0.4,1,20000,18814,80.2,15098,0.99,150,14948,19.7,3713,0.38,14,3699, A10,238.0997962,83.99839192,142.3701558,476.1995925
ES_IFNa_moredoses,CH058-6MO,2,0.4,2,20000,18893,79.5,15015,1,150,14865,20.5,3871,0.54,21,3850, C10,230.6237558,86.72133507,146.9853137,461.2475115
ES_IFNa_moredoses,CH058-6MO,2,0.4,3,20000,18911,79.8,15088,1.03,155,14933,20.2,3815,0.31,12,3803, E10,239.995777,83.33479966,141.2454232,479.9915541
ES_IFNa_moredoses,CH058-6MO,2,0.4,4,20000,18731,80.8,15141,0.87,132,15009,19.1,3580,0.47,17,3563, G10,247.5977689,80.77617213,136.9087663,495.1955378
ES_IFNa_moredoses,CH058-TF,2,0.5,1,18191,17262,79.3,13683,1.2,164,13519,20.7,3576,0.5,18,3558, A11,187.1714962,97.18894366,164.7270232,374.3429924
ES_IFNa_moredoses,CH058-TF,2,0.5,2,17864,16924,79.5,13454,1,134,13320,20.5,3467,0.37,13,3454, C11,184.0257939,97.07334838,164.5310989,368.0515878
ES_IFNa_moredoses,CH058-TF,2,0.5,3,18353,17364,82.4,14305,1.31,187,14118,17.6,3051,0.56,17,3034, E11,188.8335258,97.19142787,164.7312337,377.6670515
ES_IFNa_moredoses,CH058-TF,2,0.5,4,19080,18148,82.3,14935,1.25,187,14748,17.7,3208,0.65,21,3187, G11,196.3154157,97.19053356,164.7297179,392.6308315
ES_IFNa_moredoses,CH058-6MO,2,0.5,1,17658,16552,82.5,13662,1.32,180,13482,17.4,2881,0.66,19,2862, A12,181.9011735,97.07468985,164.5333726,363.802347
ES_IFNa_moredoses,CH058-6MO,2,0.5,2,17078,16079,80.4,12920,1.35,175,12745,19.6,3154,0.44,14,3140, C12,175.9239075,97.07606114,164.5356968,351.847815
ES_IFNa_moredoses,CH058-6MO,2,0.5,3,18336,17202,82.1,14129,1.51,214,13915,17.8,3065,0.62,19,3046, E12,188.6618152,97.18977836,164.7284379,377.3236303
ES_IFNa_moredoses,CH058-6MO,2,0.5,4,17696,16695,82.1,13709,1.34,184,13525,17.8,2974,0.47,14,2960, G12,182.2941361,97.07388497,164.5320084,364.5882722
ES_IFNa_moredoses,CH058-TF,3,0,1,20000,19174,60.2,11552,41.2,4765,6787,39.7,7617,11,837,6780, A01,253.3928232,78.92883368,133.7776842,506.7856464
ES_IFNa_moredoses,CH058-TF,3,0,2,20000,19270,59.7,11500,40.4,4650,6850,40.3,7768,11,855,6913, C01,251.3728024,79.56310232,134.8527158,502.7456049
ES_IFNa_moredoses,CH058-TF,3,0,3,20000,19187,59.7,11455,40.6,4650,6805,40.3,7726,10.7,825,6901, E01,252.3710177,79.24840253,134.3193263,504.7420355
ES_IFNa_moredoses,CH058-TF,3,0,4,20000,19176,59.5,11419,40.8,4657,6762,40.4,7754,11.6,901,6853, G01,255.6107953,78.24395672,132.6168758,511.2215905
ES_IFNa_moredoses,CH058-6MO,3,0,1,20000,19251,60.6,11670,27,3148,8522,39.4,7578,9.08,688,6890, A02,266.8923927,74.93656825,127.0111326,533.7847854
ES_IFNa_moredoses,CH058-6MO,3,0,2,20000,19242,59.8,11512,34.4,3963,7549,40.2,7728,10.6,821,6907, C02,242.7089307,82.40323065,139.6664926,485.4178615
ES_IFNa_moredoses,CH058-6MO,3,0,3,20000,19270,60.4,11643,29.3,3414,8229,39.6,7624,9.23,704,6920, E02,258.9644192,77.23068699,130.8994695,517.9288384
ES_IFNa_moredoses,CH058-6MO,3,0,4,20000,19241,61,11731,28.5,3344,8387,39,7508,9.02,677,6831, G02,254.2203544,78.67190669,133.3422147,508.4407088
ES_IFNa_moredoses,CH058-TF,3,0.1,1,20000,19276,69,13297,11,1469,11828,31,5975,3.98,238,5737, A03,284.5870669,70.27726248,119.1140042,569.1741338
ES_IFNa_moredoses,CH058-TF,3,0.1,2,20000,19279,69.7,13438,11.7,1566,11872,30.3,5835,4.23,247,5588, C03,276.2383528,72.40124261,122.7139705,552.4767056
ES_IFNa_moredoses,CH058-TF,3,0.1,3,20000,19198,69.4,13321,10.1,1351,11970,30.6,5876,3.76,221,5655, E03,285.9907373,69.93233482,118.5293811,571.9814747
ES_IFNa_moredoses,CH058-TF,3,0.1,4,20000,19273,70,13494,8.95,1208,12286,30,5774,3.48,201,5573, G03,286.7775572,69.74046434,118.2041768,573.5551144
ES_IFNa_moredoses,CH058-6MO,3,0.1,1,20000,19332,69.1,13350,4.78,638,12712,30.9,5981,2.29,137,5844, A04,295.9443881,67.58026442,114.5428211,591.8887761
ES_IFNa_moredoses,CH058-6MO,3,0.1,2,20000,19333,69.2,13385,6.45,863,12522,30.8,5947,2.42,144,5803, C04,274.0378186,72.98262737,123.6993684,548.0756372
ES_IFNa_moredoses,CH058-6MO,3,0.1,3,20000,19322,69.7,13475,5.23,705,12770,30.3,5846,2.46,144,5702, E04,280.7797985,71.23019571,120.7291453,561.5595971
ES_IFNa_moredoses,CH058-6MO,3,0.1,4,20000,19270,70.6,13614,5.35,729,12885,29.3,5655,2.48,140,5515, G04,291.8574703,68.52659958,116.1467789,583.7149406
ES_IFNa_moredoses,CH058-TF,3,0.2,1,20000,19336,77.9,15055,4.55,685,14370,22.1,4279,2.13,91,4188, A05,287.3350837,69.60514442,117.9748211,574.6701675
ES_IFNa_moredoses,CH058-TF,3,0.2,2,20000,19282,77.7,14986,5.8,869,14117,22.3,4293,2.47,106,4187, C05,280.6201162,71.27072808,120.7978442,561.2402325
ES_IFNa_moredoses,CH058-TF,3,0.2,3,20000,19214,76.9,14780,4.74,700,14080,23.1,4432,3.45,153,4279, E05,290.4193581,68.8659328,116.72192,580.8387162
ES_IFNa_moredoses,CH058-TF,3,0.2,4,20000,19297,78.4,15123,3.67,555,14568,21.6,4169,1.89,79,4090, G05,294.2269129,67.97474712,115.2114358,588.4538258
ES_IFNa_moredoses,CH058-6MO,3,0.2,1,20000,19346,78.5,15193,2.15,326,14867,21.5,4152,1.52,63,4089, A06,292.1583891,68.45601819,116.0271495,584.3167782
ES_IFNa_moredoses,CH058-6MO,3,0.2,2,20000,19332,77.7,15015,2.19,329,14686,22.3,4315,1.95,84,4231, C06,284.756212,70.23551781,119.0432505,569.512424
ES_IFNa_moredoses,CH058-6MO,3,0.2,3,20000,19298,78,15060,2.4,362,14698,22,4237,2.15,91,4146, E06,298.9849344,66.89300261,113.3779705,597.9698689
ES_IFNa_moredoses,CH058-6MO,3,0.2,4,20000,19307,78,15063,2.36,356,14707,22,4242,1.6,68,4174, G06,298.4891682,67.00410644,113.5662821,596.9783365
ES_IFNa_moredoses,CH058-TF,3,0.3,1,20000,19045,71.1,13541,2.7,366,13175,28.9,5501,1.44,79,5422, A07,286.7994603,69.73513819,118.1951495,573.5989207
ES_IFNa_moredoses,CH058-TF,3,0.3,2,20000,19043,70.4,13410,2.23,299,13111,29.6,5632,1.19,67,5565, C07,297.4768731,67.23211722,113.9527411,594.9537461
ES_IFNa_moredoses,CH058-TF,3,0.3,3,20000,19046,70.3,13390,2.63,352,13038,29.7,5654,1.11,63,5591, E07,291.623536,68.58157019,116.2399495,583.2470719
ES_IFNa_moredoses,CH058-TF,3,0.3,4,20000,19083,71.3,13597,2.24,305,13292,28.7,5484,1.24,68,5416, G07,285.806851,69.97732884,118.6056421,571.6137021
ES_IFNa_moredoses,CH058-6MO,3,0.3,1,20000,19062,69.2,13183,1.78,235,12948,30.8,5876,1.28,75,5801, A08,290.7673376,68.78351663,116.5822316,581.5346751
ES_IFNa_moredoses,CH058-6MO,3,0.3,2,20000,19083,69.2,13206,1.56,206,13000,30.8,5873,1.11,65,5808, C08,279.7783283,71.48516514,121.1612968,559.5566566
ES_IFNa_moredoses,CH058-6MO,3,0.3,3,20000,19060,70.1,13370,1.69,226,13144,29.8,5687,1.23,70,5617, E08,303.829825,65.82632236,111.5700379,607.6596499
ES_IFNa_moredoses,CH058-6MO,3,0.3,4,20000,18970,68.5,12987,1.63,212,12775,31.5,5981,1.2,72,5909, G08,298.8971987,66.91263781,113.4112505,597.7943974
ES_IFNa_moredoses,CH058-TF,3,0.4,1,20000,18919,71.5,13530,1.57,213,13317,28.5,5388,0.84,45,5343, A09,298.5840173,66.98282173,113.5302063,597.1680346
ES_IFNa_moredoses,CH058-TF,3,0.4,2,20000,18893,72.4,13671,1.66,227,13444,27.6,5218,0.92,48,5170, C09,300.2033508,66.62150821,112.9178105,600.4067016
ES_IFNa_moredoses,CH058-TF,3,0.4,3,20000,18874,72.5,13681,1.67,229,13452,27.5,5190,1,52,5138, E09,302.8175792,66.04636379,111.9429895,605.6351585
ES_IFNa_moredoses,CH058-TF,3,0.4,4,20000,18897,72.8,13749,1.48,203,13546,27.2,5146,0.82,42,5104, G09,300.1392894,66.63572783,112.9419116,600.2785788
ES_IFNa_moredoses,CH058-6MO,3,0.4,1,20000,18769,71.1,13349,1.15,153,13196,28.9,5419,0.68,37,5382, A10,293.8669616,68.05800792,115.3525558,587.7339232
ES_IFNa_moredoses,CH058-6MO,3,0.4,2,20000,18758,69.8,13102,1.12,147,12955,30.1,5652,0.73,41,5611, C10,284.1386655,70.38816758,119.3019789,568.2773309
ES_IFNa_moredoses,CH058-6MO,3,0.4,3,20000,18804,71.3,13405,1.3,174,13231,28.7,5396,1.09,59,5337, E10,293.172454,68.21923318,115.6258189,586.344908
ES_IFNa_moredoses,CH058-6MO,3,0.4,4,20000,18851,74,13951,1.19,166,13785,25.9,4890,0.86,42,4848, G10,304.6866492,65.64120893,111.2562863,609.3732985
ES_IFNa_moredoses,CH058-TF,3,0.5,1,20000,18729,71.7,13428,1.63,219,13209,28.3,5297,1.06,56,5241, A11,212.9907692,93.90078299,159.1538695,425.9815385
ES_IFNa_moredoses,CH058-TF,3,0.5,2,20000,18615,72.5,13501,1.75,236,13265,27.4,5108,1.35,69,5039, C11,212.2009128,94.25030147,159.7462737,424.4018255
ES_IFNa_moredoses,CH058-TF,3,0.5,3,20000,18723,72.4,13552,1.76,238,13314,27.6,5167,1.24,64,5103, E11,220.3426106,90.76773642,153.8436211,440.6852212
ES_IFNa_moredoses,CH058-TF,3,0.5,4,20000,18742,72.6,13606,1.49,203,13403,27.4,5134,1.38,71,5063, G11,222.0657325,90.06342299,152.6498695,444.1314651
ES_IFNa_moredoses,CH058-6MO,3,0.5,1,20000,18554,72.7,13483,1.57,212,13271,27.3,5064,1.15,58,5006, A12,224.4044336,89.12479882,151.0589811,448.8088672
ES_IFNa_moredoses,CH058-6MO,3,0.5,2,20000,18442,71.5,13195,1.67,221,12974,28.4,5235,1.28,67,5168, C12,207.4616983,96.40333693,163.3954863,414.9233966
ES_IFNa_moredoses,CH058-6MO,3,0.5,3,20000,18566,72.4,13437,1.46,196,13241,27.6,5120,0.94,48,5072, E12,235.5489532,84.90804025,143.9119326,471.0979064
ES_IFNa_moredoses,CH058-6MO,3,0.5,4,20000,18623,73,13590,1.85,252,13338,27,5029,1.07,54,4975, G12,217.9482604,91.76489853,155.5337263,435.8965208
ES_IFNa_moredoses,CH058-TF,4,0,1,20000,18819,40.3,7584,92.2,6994,590,59.7,11232,35.7,4013,7219, A01,213.9366421,93.48562173,158.4502063,427.8732843
ES_IFNa_moredoses,CH058-TF,4,0,2,20000,18733,40,7490,92,6888,602,60,11234,34.4,3862,7372, C01,214.6836551,93.16032926,157.8988632,429.3673103
ES_IFNa_moredoses,CH058-TF,4,0,3,20000,18775,41.2,7734,92.3,7136,598,58.8,11037,32.5,3589,7448, E01,212.4142242,94.15565305,159.5858526,424.8284485
ES_IFNa_moredoses,CH058-TF,4,0,4,20000,18654,39.5,7376,92.3,6811,565,60.5,11277,35.1,3962,7315, G01,215.22028,92.92804564,157.5051621,430.4405599
ES_IFNa_moredoses,CH058-6MO,4,0,1,20000,18856,49.5,9331,88.7,8277,1054,50.5,9519,30.8,2929,6590, A02,233.9178628,85.50009718,144.9154189,467.8357256
ES_IFNa_moredoses,CH058-6MO,4,0,2,20000,18797,47.8,8981,90.9,8166,815,52.2,9811,33,3239,6572, C02,216.8661156,92.22279815,156.3098274,433.7322311
ES_IFNa_moredoses,CH058-6MO,4,0,3,20000,18749,49.2,9221,90.2,8314,907,50.8,9527,31.1,2967,6560, E02,227.6873086,87.8397664,148.88096,455.3746172
ES_IFNa_moredoses,CH058-6MO,4,0,4,20000,18714,49,9179,88.9,8157,1022,50.9,9531,32,3051,6480, G02,243.2726468,82.21228429,139.3428547,486.5452936
ES_IFNa_moredoses,CH058-TF,4,0.1,1,20000,18813,62.2,11708,72.3,8468,3240,37.8,7102,20.8,1475,5627, A03,262.9884818,76.04895798,128.8965389,525.9769636
ES_IFNa_moredoses,CH058-TF,4,0.1,2,20000,18795,62.2,11697,74.3,8686,3011,37.7,7094,21.4,1521,5573, C03,289.1664943,69.16430636,117.2276379,578.3329886
ES_IFNa_moredoses,CH058-TF,4,0.1,3,20000,18795,62.7,11787,71.3,8405,3382,37.3,7008,20.3,1420,5588, E03,282.3004093,70.84651436,120.0788379,564.6008186
ES_IFNa_moredoses,CH058-TF,4,0.1,4,20000,18825,63.3,11922,67.9,8097,3825,36.7,6900,19,1309,5591, G03,283.8479074,70.46026931,119.4241853,567.6958149
ES_IFNa_moredoses,CH058-6MO,4,0.1,1,20000,18939,67.3,12752,37,4713,8039,32.6,6179,11.1,686,5493, A04,318.4300849,62.80813575,106.4544674,636.8601698
ES_IFNa_moredoses,CH058-6MO,4,0.1,2,20000,18907,65.8,12442,46.8,5827,6615,34.2,6462,13.1,845,5617, C04,287.7190923,69.51224488,117.8173642,575.4381845
ES_IFNa_moredoses,CH058-6MO,4,0.1,3,20000,18986,67.3,12775,36.3,4638,8137,32.7,6207,10.3,641,5566, E04,303.1524939,65.97339756,111.8193179,606.3049878
ES_IFNa_moredoses,CH058-6MO,4,0.1,4,20000,18966,66.9,12689,40,5076,7613,33.1,6274,12,753,5521, G04,313.7916216,63.73656472,108.0280758,627.5832433
ES_IFNa_moredoses,CH058-TF,4,0.2,1,20000,18838,72.7,13700,38.8,5320,8380,27.3,5134,11.8,607,4527, A05,297.1280104,67.31105549,114.0865347,594.2560209
ES_IFNa_moredoses,CH058-TF,4,0.2,2,20000,18856,70.9,13368,46.2,6174,7194,29.1,5483,13.7,750,4733, C05,301.9766118,66.23029474,112.2547368,603.9532235
ES_IFNa_moredoses,CH058-TF,4,0.2,3,20000,18819,71,13353,42.1,5623,7730,29,5461,12,656,4805, E05,301.3453131,66.36904286,112.4899032,602.6906261
ES_IFNa_moredoses,CH058-TF,4,0.2,4,20000,18839,73,13758,35.1,4832,8926,26.9,5075,9.71,493,4582, G05,318.5207419,62.79025937,106.4241684,637.0414839
ES_IFNa_moredoses,CH058-6MO,4,0.2,1,20000,19112,78.1,14933,13.5,2016,12917,21.9,4177,5.6,234,3943, A06,328.3497718,60.910656,103.2384,656.6995437
ES_IFNa_moredoses,CH058-6MO,4,0.2,2,20000,19110,77,14714,14.6,2146,12568,23,4392,5.03,221,4171, C06,333.9261575,59.89348109,101.5143747,667.852315
ES_IFNa_moredoses,CH058-6MO,4,0.2,3,20000,19147,76.7,14690,12.9,1899,12791,23.2,4446,4.88,217,4229, E06,332.7335443,60.10815663,101.8782316,665.4670887
ES_IFNa_moredoses,CH058-6MO,4,0.2,4,20000,19103,76.7,14656,15.7,2301,12355,23.2,4441,5.81,258,4183, G06,332.273669,60.19134787,102.0192337,664.547338
ES_IFNa_moredoses,CH058-TF,4,0.3,1,20000,18838,67.9,12787,18.4,2347,10440,32.1,6045,4.96,300,5745, A07,312.8986592,63.91845861,108.3363705,625.7973185
ES_IFNa_moredoses,CH058-TF,4,0.3,2,20000,18853,67.8,12774,12.9,1653,11121,32.2,6071,2.78,169,5902, C07,339.9322849,58.83524716,99.72075789,679.8645698
ES_IFNa_moredoses,CH058-TF,4,0.3,3,20000,18784,66.8,12543,16.6,2087,10456,33.2,6238,4.23,264,5974, E07,323.2054015,61.88015394,104.8816168,646.4108031
ES_IFNa_moredoses,CH058-TF,4,0.3,4,20000,18897,68.1,12878,15.2,1957,10921,31.8,6016,4.11,247,5769, G07,325.9082434,61.36696573,104.0118063,651.8164867
ES_IFNa_moredoses,CH058-6MO,4,0.3,1,20000,18911,70.9,13405,6.23,835,12570,29.1,5503,1.91,105,5398, A08,329.2839404,60.73785432,102.9455158,658.5678808
ES_IFNa_moredoses,CH058-6MO,4,0.3,2,20000,18943,69,13072,4.79,626,12446,31,5867,1.72,101,5766, C08,329.7600442,60.65016168,102.7968842,659.5200885
ES_IFNa_moredoses,CH058-6MO,4,0.3,3,20000,18910,70.3,13302,5.8,772,12530,29.6,5605,1.94,109,5496, E08,345.0192461,57.96778072,98.25047579,690.0384922
ES_IFNa_moredoses,CH058-6MO,4,0.3,4,20000,18876,70.5,13301,5.06,673,12628,29.5,5572,1.81,101,5471, G08,342.3699619,58.41633971,99.01074526,684.7399238
ES_IFNa_moredoses,CH058-TF,4,0.4,1,20000,18907,72.4,13695,4.22,578,13117,27.5,5206,1.36,71,5135, A09,317.761255,62.94033549,106.6785347,635.5225101
ES_IFNa_moredoses,CH058-TF,4,0.4,2,20000,18841,73.1,13770,4.1,564,13206,26.9,5068,1.84,93,4975, C09,330.8627457,60.44802644,102.4542821,661.7254914
ES_IFNa_moredoses,CH058-TF,4,0.4,3,20000,18807,72.6,13651,5.42,740,12911,27.4,5153,1.67,86,5067, E09,327.4798622,61.0724576,103.51264,654.9597244
ES_IFNa_moredoses,CH058-TF,4,0.4,4,20000,18862,72.8,13724,4.33,594,13130,27.2,5133,1.5,77,5056, G09,318.1136188,62.87061861,106.5603705,636.2272375
ES_IFNa_moredoses,CH058-6MO,4,0.4,1,20000,18903,73.6,13917,1.72,240,13677,26.4,4985,1,50,4935, A10,344.5103606,58.05340648,98.39560421,689.0207211
ES_IFNa_moredoses,CH058-6MO,4,0.4,2,20000,18948,72.4,13713,1.92,263,13450,27.6,5230,0.96,50,5180, C10,322.3803153,62.03852733,105.1500463,644.7606306
ES_IFNa_moredoses,CH058-6MO,4,0.4,3,20000,18859,72.7,13707,2.02,277,13430,27.3,5150,0.95,49,5101, E10,363.7856666,54.9774272,93.18208,727.5713331
ES_IFNa_moredoses,CH058-6MO,4,0.4,4,17568,16707,74,12365,1.79,221,12144,26,4338,0.85,37,4301, G10,180.7589364,97.19021558,164.7291789,361.5178729
ES_IFNa_moredoses,CH058-TF,4,0.5,1,20000,18606,67.7,12603,2.5,315,12288,32.3,6001,1.12,67,5934, A11,234.3735432,85.33386375,144.6336674,468.7470864
ES_IFNa_moredoses,CH058-TF,4,0.5,2,20000,18643,69.2,12892,2.18,281,12611,30.8,5749,1.39,80,5669, C11,228.8801524,87.38197608,148.1050442,457.7603047
ES_IFNa_moredoses,CH058-TF,4,0.5,3,20000,18571,69.1,12830,2.5,321,12509,30.9,5739,1.2,69,5670, E11,235.4218027,84.95389878,143.9896589,470.8436055
ES_IFNa_moredoses,CH058-TF,4,0.5,4,20000,18693,69.3,12947,2.47,320,12627,30.7,5741,1.06,61,5680, G11,243.3130839,82.19862114,139.3196968,486.6261678
ES_IFNa_moredoses,CH058-6MO,4,0.5,1,20000,18591,68.8,12783,1.43,183,12600,31.2,5803,0.86,50,5753, A12,236.7040278,84.49370375,143.2096674,473.4080556
ES_IFNa_moredoses,CH058-6MO,4,0.5,2,20000,18453,67.7,12493,1.61,201,12292,32.2,5950,0.99,59,5891, C12,218.1211074,91.69218072,155.4104758,436.2422149
ES_IFNa_moredoses,CH058-6MO,4,0.5,3,20000,18532,69.1,12810,1.47,188,12622,30.8,5716,0.93,53,5663, E12,239.5325037,83.49597524,141.5186021,479.0650074
ES_IFNa_moredoses,CH058-6MO,4,0.5,4,20000,18465,68.2,12587,1.91,240,12347,31.8,5868,1.19,70,5798, G12,235.2082293,85.03103848,144.1204042,470.4164587
ES_IFNa_moredoses,CH058-TF,5,0,1,18349,16565,18,2981,85,2535,446,82,13577,42.5,5770,7807, A01,188.7941264,97.19052362,164.7297011,377.5882528
ES_IFNa_moredoses,CH058-TF,5,0,2,18798,16958,18.2,3078,84.4,2599,479,81.8,13874,40.9,5672,8202, C01,193.4117827,97.1915968,164.73152,386.8235654
ES_IFNa_moredoses,CH058-TF,5,0,3,18530,16655,18.4,3067,85.1,2611,456,81.5,13577,41.1,5582,7995, E01,190.6556876,97.19091116,164.7303579,381.3113753
ES_IFNa_moredoses,CH058-TF,5,0,4,17994,16186,17.5,2827,84.9,2400,427,82.5,13350,42.5,5676,7674, G01,185.1450846,97.18864556,164.7265179,370.2901691
ES_IFNa_moredoses,CH058-6MO,5,0,1,17293,15501,26.4,4089,89.5,3659,430,73.6,11407,43.7,4980,6427, A02,177.9261409,97.19201415,164.7322274,355.8522817
ES_IFNa_moredoses,CH058-6MO,5,0,2,17874,15965,25.2,4023,90,3621,402,74.8,11936,45.4,5416,6520, C02,183.9070067,97.19042425,164.7295326,367.8140133
ES_IFNa_moredoses,CH058-6MO,5,0,3,19532,17365,25.9,4491,90.3,4056,435,74.1,12864,43,5537,7327, E02,200.9683552,97.18943057,164.7278484,401.9367103
ES_IFNa_moredoses,CH058-6MO,5,0,4,19350,17248,26.6,4583,91.3,4182,401,73.4,12656,44.9,5683,6973, G02,199.0922427,97.19112977,164.7307284,398.1844855
ES_IFNa_moredoses,CH058-TF,5,0.1,1,20000,18047,38.2,6897,89.6,6181,716,61.7,11143,35.5,3961,7182, A03,238.8764275,83.72529768,141.9072842,477.7528549
ES_IFNa_moredoses,CH058-TF,5,0.1,2,20000,18108,38.3,6933,89.1,6178,755,61.7,11171,37.5,4191,6980, C03,236.7716365,84.46957709,143.1687747,473.5432729
ES_IFNa_moredoses,CH058-TF,5,0.1,3,20000,18108,38.1,6908,89.7,6197,711,61.8,11194,36.4,4072,7122, E03,238.3041239,83.92636968,142.2480842,476.6082478
ES_IFNa_moredoses,CH058-TF,5,0.1,4,20000,18050,40.5,7307,89.6,6545,762,59.4,10730,35.6,3825,6905, G03,245.2860514,81.53745347,138.1990737,490.5721027
ES_IFNa_moredoses,CH058-6MO,5,0.1,1,20000,18396,54.3,9981,86.1,8595,1386,45.7,8413,30,2526,5887, A04,288.0573702,69.43061373,117.6790063,576.1147404
ES_IFNa_moredoses,CH058-6MO,5,0.1,2,20000,18214,50.1,9117,90.4,8238,879,49.9,9092,35,3179,5913, C04,255.8892661,78.15880792,132.4725558,511.7785323
ES_IFNa_moredoses,CH058-6MO,5,0.1,3,20000,18365,54.2,9951,85.4,8502,1449,45.8,8408,28.6,2407,6001, E04,291.2767511,68.66322122,116.3783411,582.5535023
ES_IFNa_moredoses,CH058-6MO,5,0.1,4,20000,18214,53.6,9755,87.6,8549,1206,46.4,8455,31.2,2640,5815, G04,290.025856,68.95936893,116.8802863,580.0517119
ES_IFNa_moredoses,CH058-TF,5,0.2,1,20000,18410,57.3,10540,85.1,8969,1571,42.7,7865,30.8,2425,5440, A05,284.9400796,70.19019587,118.9664337,569.8801592
ES_IFNa_moredoses,CH058-TF,5,0.2,2,20000,18251,53.3,9727,86.7,8433,1294,46.7,8515,31.7,2695,5820, C05,276.5436988,72.32130072,122.5784758,553.0873975
ES_IFNa_moredoses,CH058-TF,5,0.2,3,20000,18235,53.9,9835,86.1,8469,1366,46,8395,30.7,2579,5816, E05,282.1577015,70.88234661,120.1395705,564.3154031
ES_IFNa_moredoses,CH058-TF,5,0.2,4,20000,18460,59,10884,82.6,8990,1894,41,7570,27.1,2051,5519, G05,302.03729,66.21698931,112.2321853,604.0745799
ES_IFNa_moredoses,CH058-6MO,5,0.2,1,20000,18937,74,14004,49,6861,7143,26,4925,18.1,893,4032, A06,359.7791652,55.58965592,94.21975579,719.5583304
ES_IFNa_moredoses,CH058-6MO,5,0.2,2,20000,18792,73.4,13793,52.4,7223,6570,26.6,4992,18.9,942,4050, C06,371.6972958,53.80722493,91.19868632,743.3945916
ES_IFNa_moredoses,CH058-6MO,5,0.2,3,20000,18825,73.6,13854,51.4,7119,6735,26.4,4966,16.7,829,4137, E06,359.1473204,55.68745432,94.38551579,718.2946409
ES_IFNa_moredoses,CH058-6MO,5,0.2,4,20000,18702,71.7,13412,58.8,7892,5520,28.2,5283,19.6,1035,4248, G06,379.7803156,52.66202375,89.25766737,759.5606312
ES_IFNa_moredoses,CH058-TF,5,0.3,1,20000,18481,63.9,11804,62.6,7389,4415,36.1,6672,19.3,1285,5387, A07,308.8250317,64.76158973,109.7654063,617.6500634
ES_IFNa_moredoses,CH058-TF,5,0.3,2,20000,18578,65.5,12177,52,6326,5851,34.4,6393,14.2,911,5482, C07,332.0088246,60.23936269,102.1006147,664.0176491
ES_IFNa_moredoses,CH058-TF,5,0.3,3,20000,18536,64.1,11877,61.8,7336,4541,35.9,6656,17.3,1153,5503, E07,321.0652061,62.29264219,105.5807495,642.1304121
ES_IFNa_moredoses,CH058-TF,5,0.3,4,20000,18466,64.8,11972,58.2,6967,5005,35.1,6490,15.3,992,5498, G07,319.2448223,62.64784455,106.1827874,638.4896446
ES_IFNa_moredoses,CH058-6MO,5,0.3,1,20000,18884,72,13603,24.6,3348,10255,27.9,5275,7.15,377,4898, A08,377.2923113,53.00929651,89.84626526,754.5846226
ES_IFNa_moredoses,CH058-6MO,5,0.3,2,20000,18972,72.9,13834,19.2,2656,11178,27.1,5133,5.49,282,4851, C08,380.5368407,52.55732918,89.08021895,761.0736813
ES_IFNa_moredoses,CH058-6MO,5,0.3,3,20000,18910,72.9,13786,22.9,3163,10623,27.1,5116,6.35,325,4791, E08,379.6366895,52.68194712,89.29143579,759.273379
ES_IFNa_moredoses,CH058-6MO,5,0.3,4,20000,18919,72.2,13658,21.7,2968,10690,27.8,5257,5.9,310,4947, G08,371.6784885,53.80994762,91.20330105,743.3569771
ES_IFNa_moredoses,CH058-TF,5,0.4,1,20000,18794,73.2,13748,14.8,2033,11715,26.8,5041,4.21,212,4829, A09,359.2187265,55.67638467,94.36675368,718.4374531
ES_IFNa_moredoses,CH058-TF,5,0.4,2,20000,18779,73.2,13738,15.1,2081,11657,26.8,5033,4.81,242,4791, C09,357.3506643,55.96743478,94.86005895,714.7013287
ES_IFNa_moredoses,CH058-TF,5,0.4,3,20000,18772,71.8,13476,19.2,2593,10883,28.2,5289,5.67,300,4989, E09,348.0655239,57.46044531,97.39058526,696.1310478
ES_IFNa_moredoses,CH058-TF,5,0.4,4,20000,18798,73.3,13785,17.1,2351,11434,26.6,5008,4.97,249,4759, G09,358.3316312,55.81421861,94.60037053,716.6632624
ES_IFNa_moredoses,CH058-6MO,5,0.4,1,20000,18905,75.2,14225,3.85,547,13678,24.7,4676,1.3,61,4615, A10,383.2540402,52.18470754,88.44865684,766.5080804
ES_IFNa_moredoses,CH058-6MO,5,0.4,2,20000,18888,74.8,14123,4.32,610,13513,25.2,4762,1.53,73,4689, C10,375.2541885,53.29720657,90.33424842,750.508377
ES_IFNa_moredoses,CH058-6MO,5,0.4,3,20000,18974,75.4,14305,4.54,650,13655,24.6,4660,1.89,88,4572, E10,378.9794756,52.77330644,89.44628211,757.9589512
ES_IFNa_moredoses,CH058-6MO,5,0.4,4,20000,18985,76,14432,4.21,607,13825,24,4551,1.69,77,4474, G10,383.4435847,52.15891149,88.40493474,766.8871695
ES_IFNa_moredoses,CH058-TF,5,0.5,1,20000,18605,70.4,13107,6.16,807,12300,29.5,5493,2.38,131,5362, A11,269.5060483,74.20983731,125.7793853,539.0120967
ES_IFNa_moredoses,CH058-TF,5,0.5,2,20000,18597,72.1,13405,3.96,531,12874,27.9,5191,1.77,92,5099, C11,283.2134062,70.61812598,119.6917389,566.4268125
ES_IFNa_moredoses,CH058-TF,5,0.5,3,20000,18564,72.6,13475,5.64,760,12715,27.4,5084,1.85,94,4990, E11,292.9201648,68.27798973,115.7254063,585.8403295
ES_IFNa_moredoses,CH058-TF,5,0.5,4,20000,18713,72.7,13598,5.88,800,12798,27.3,5113,1.82,93,5020, G11,290.8193501,68.77121482,116.5613811,581.6387002
ES_IFNa_moredoses,CH058-6MO,5,0.5,1,20000,18547,73.1,13564,1.57,213,13351,26.8,4976,0.94,47,4929, A12,302.2532828,66.16967006,112.1519832,604.5065656
ES_IFNa_moredoses,CH058-6MO,5,0.5,2,20000,18471,71,13120,1.71,225,12895,28.9,5345,1.35,72,5273, C12,282.4986427,70.79680034,119.9945768,564.9972853
ES_IFNa_moredoses,CH058-6MO,5,0.5,3,20000,18640,74.5,13889,1.81,252,13637,25.5,4745,0.8,38,4707, E12,293.5221435,68.13795975,115.4880674,587.044287
ES_IFNa_moredoses,CH058-6MO,5,0.5,4,20000,18570,72.7,13499,2.41,325,13174,27.3,5062,1.17,59,5003, G12,287.7054379,69.51554392,117.8229558,575.4108757
ES_IFNa_moredoses,CH058-TF,6,0,1,18621,16483,11.2,1854,84,1557,297,88.7,14617,46.3,6766,7851, A01,191.5917541,97.1910304,164.73056,383.1835083
ES_IFNa_moredoses,CH058-TF,6,0,2,18191,16112,11,1768,82.2,1454,314,89,14337,44.6,6391,7946, C01,187.1669991,97.19127882,164.7309811,374.3339983
ES_IFNa_moredoses,CH058-TF,6,0,3,18289,16174,11.4,1845,81.7,1508,337,88.5,14319,44.2,6334,7985, E01,188.1759165,97.19097078,164.7304589,376.351833
ES_IFNa_moredoses,CH058-TF,6,0,4,18248,16224,10.3,1669,81.9,1367,302,89.7,14547,44.4,6463,8084, G01,187.754009,97.19100059,164.7305095,375.508018
ES_IFNa_moredoses,CH058-6MO,6,0,1,20000,17161,15.3,2632,87.3,2298,334,84.6,14520,48.6,7053,7467, A02,206.0270953,97.07461036,164.5332379,412.0541906
ES_IFNa_moredoses,CH058-6MO,6,0,2,18410,15720,14,2194,87.8,1927,267,86,13522,50.1,6772,6750, C02,189.4212754,97.19077204,164.7301221,378.8425509
ES_IFNa_moredoses,CH058-6MO,6,0,3,19242,16549,14.9,2473,87.2,2157,316,85,14068,48.3,6799,7269, E02,197.9839248,97.1897088,164.72832,395.9678496
ES_IFNa_moredoses,CH058-6MO,6,0,4,20000,16982,14.7,2495,89.1,2223,272,85.3,14478,50.4,7299,7179, G02,216.2796999,92.47284884,156.7336421,432.5593999
ES_IFNa_moredoses,CH058-TF,6,0.1,1,19891,17393,24.2,4211,86.2,3631,580,75.8,13177,43.2,5699,7478, A03,204.6614401,97.18977836,164.7284379,409.3228802
ES_IFNa_moredoses,CH058-TF,6,0.1,2,20000,17466,23.5,4099,87.1,3572,527,76.5,13358,44.3,5913,7445, C03,206.4293607,96.88544269,164.2126147,412.8587215
ES_IFNa_moredoses,CH058-TF,6,0.1,3,19945,17340,24,4170,86.5,3608,562,75.9,13161,43.1,5677,7484, E03,205.2163197,97.19012615,164.7290274,410.4326394
ES_IFNa_moredoses,CH058-TF,6,0.1,4,20000,17413,25.6,4450,86.9,3869,581,74.4,12952,43.1,5588,7364, G03,208.5986522,95.87789659,162.5049095,417.1973043
ES_IFNa_moredoses,CH058-6MO,6,0.1,1,20000,17943,36.7,6582,89.7,5902,680,63.3,11357,37.9,4301,7056, A04,243.0479735,82.28828126,139.4716632,486.0959469
ES_IFNa_moredoses,CH058-6MO,6,0.1,2,20000,17641,32.8,5781,89.4,5167,614,67.2,11857,44.2,5246,6611, C04,231.1195613,86.53529752,146.6699958,462.2391226
ES_IFNa_moredoses,CH058-6MO,6,0.1,3,20000,17966,36.7,6593,90,5932,661,63.3,11366,36.6,4164,7202, E04,243.1323242,82.25973272,139.4232758,486.2646483
ES_IFNa_moredoses,CH058-6MO,6,0.1,4,20000,17807,36.9,6562,90.2,5918,644,63.1,11236,39.5,4434,6802, G04,239.3267765,83.56774905,141.6402526,478.653553
ES_IFNa_moredoses,CH058-TF,6,0.2,1,20000,17723,39.2,6950,88.2,6132,818,60.8,10768,38.6,4160,6608, A05,234.2688705,85.37199141,144.6982905,468.537741
ES_IFNa_moredoses,CH058-TF,6,0.2,2,20000,17535,37.9,6649,87.9,5846,803,62,10877,40.1,4367,6510, C05,240.7122496,83.08675621,140.8250105,481.4244992
ES_IFNa_moredoses,CH058-TF,6,0.2,3,20000,17514,36.5,6400,87.7,5615,785,63.4,11109,39,4330,6779, E05,218.2738696,91.62800859,155.3017095,436.5477392
ES_IFNa_moredoses,CH058-TF,6,0.2,4,20000,17853,41.3,7370,88.8,6544,826,58.7,10475,36.6,3834,6641, G05,247.5722167,80.78450914,136.9228968,495.1444333
ES_IFNa_moredoses,CH058-6MO,6,0.2,1,20000,18594,61.9,11511,79.2,9117,2394,38,7074,28.8,2037,5037, A06,298.0783655,67.09644952,113.7227958,596.1567309
ES_IFNa_moredoses,CH058-6MO,6,0.2,2,20000,18366,59.6,10948,81.7,8942,2006,40.4,7413,29.9,2214,5199, C06,303.1076163,65.98316547,111.8358737,606.2152325
ES_IFNa_moredoses,CH058-6MO,6,0.2,3,20000,18277,60.4,11038,82.1,9059,1979,39.6,7237,29.2,2112,5125, E06,319.3492188,62.62736472,106.1480758,638.6984377
ES_IFNa_moredoses,CH058-6MO,6,0.2,4,20000,18348,56.3,10321,86.2,8892,1429,43.7,8020,31.4,2516,5504, G06,282.0218162,70.91649954,120.1974568,564.0436325
ES_IFNa_moredoses,CH058-TF,6,0.3,1,20000,18041,48.5,8755,86.5,7576,1179,51.4,9282,30,2788,6494, A07,255.7716488,78.19474947,132.5334737,511.5432976
ES_IFNa_moredoses,CH058-TF,6,0.3,2,20000,18266,54.6,9977,81,8086,1891,45.4,8286,26.9,2231,6055, C07,288.2451555,69.38538122,117.6023411,576.490311
ES_IFNa_moredoses,CH058-TF,6,0.3,3,20000,18204,49.9,9078,85.1,7724,1354,50.1,9121,28.2,2570,6551, E07,266.3987206,75.07543562,127.2465011,532.7974413
ES_IFNa_moredoses,CH058-TF,6,0.3,4,20000,18281,51.8,9464,84.1,7962,1502,48.2,8814,27.3,2407,6407, G07,274.2809675,72.91792859,123.5897095,548.561935
ES_IFNa_moredoses,CH058-6MO,6,0.3,1,20000,18668,68.3,12749,50,6377,6372,31.7,5915,17.8,1053,4862, A08,341.5399266,58.55830737,99.25136842,683.0798532
ES_IFNa_moredoses,CH058-6MO,6,0.3,2,20000,18788,69.8,13119,44.8,5883,7236,30.1,5663,15.8,895,4768, C08,366.9296489,54.50636126,92.38366316,733.8592978
ES_IFNa_moredoses,CH058-6MO,6,0.3,3,20000,18621,67.8,12623,48.8,6156,6467,32.2,5995,16.2,972,5023, E08,355.5109102,56.25706392,95.35095579,711.0218205
ES_IFNa_moredoses,CH058-6MO,6,0.3,4,20000,18721,67.4,12626,50.8,6408,6218,32.5,6090,15.8,961,5129, G08,360.1442473,55.53330408,94.12424421,720.2884946
ES_IFNa_moredoses,CH058-TF,6,0.4,1,20000,18674,70.9,13233,32.7,4333,8900,29.1,5437,11.4,620,4817, A09,337.2628541,59.30092733,100.5100463,674.5257082
ES_IFNa_moredoses,CH058-TF,6,0.4,2,20000,18760,70.6,13249,33.8,4477,8772,29.3,5504,12.4,681,4823, C09,333.7494658,59.92518956,101.5681179,667.4989315
ES_IFNa_moredoses,CH058-TF,6,0.4,3,20000,18658,68.7,12820,41.8,5356,7464,31.3,5833,13.9,810,5023, E09,324.6368103,61.60730813,104.4191663,649.2736206
ES_IFNa_moredoses,CH058-TF,6,0.4,4,20000,18708,69.9,13086,39.7,5190,7896,30,5615,13.9,783,4832, G09,337.6545543,59.23213457,100.3934484,675.3091087
ES_IFNa_moredoses,CH058-6MO,6,0.4,1,20000,18638,75.9,14143,9.55,1350,12793,24.1,4488,3.36,151,4337, A10,370.3097256,54.00884345,91.54041263,740.6194512
ES_IFNa_moredoses,CH058-6MO,6,0.4,2,20000,18974,76,14425,10.3,1491,12934,23.9,4542,3.68,167,4375, C10,366.4198936,54.58218931,92.51218526,732.8397873
ES_IFNa_moredoses,CH058-6MO,6,0.4,3,20000,18917,75.6,14303,10.7,1531,12772,24.3,4605,3.78,174,4431, E10,365.3477771,54.74236126,92.78366316,730.6955542
ES_IFNa_moredoses,CH058-6MO,6,0.4,4,20000,18650,75.7,14119,9.69,1368,12751,24.3,4528,3.11,141,4387, G10,380.5348262,52.55760741,89.08069053,761.0696523
ES_IFNa_moredoses,CH058-TF,6,0.5,1,20000,18646,72.6,13542,14.7,1994,11548,27.3,5098,6,306,4792, A11,281.9698215,70.92957642,120.2196211,563.9396429
ES_IFNa_moredoses,CH058-TF,6,0.5,2,20000,18715,76.1,14248,10.8,1534,12714,23.8,4463,3.67,164,4299, C11,300.808198,66.48754964,112.6907621,601.6163961
ES_IFNa_moredoses,CH058-TF,6,0.5,3,20000,18734,75,14051,13,1824,12227,25,4676,4.73,221,4455, E11,302.4996336,66.11578257,112.0606484,604.9992671
ES_IFNa_moredoses,CH058-TF,6,0.5,4,20000,18752,74.4,13951,13.9,1933,12018,25.6,4794,5.13,246,4548, G11,303.7913034,65.83466931,111.5841853,607.5826069
ES_IFNa_moredoses,CH058-6MO,6,0.5,1,20000,18802,76.7,14422,3,433,13989,23.3,4376,1.14,50,4326, A12,307.2302191,65.09776303,110.3351916,614.4604382
ES_IFNa_moredoses,CH058-6MO,6,0.5,2,20000,18690,75.8,14169,2.74,388,13781,24.2,4514,1.02,46,4468, C12,296.4548272,67.463904,114.3456,592.9096543
ES_IFNa_moredoses,CH058-6MO,6,0.5,3,20000,18753,77.3,14495,3.22,467,14028,22.7,4254,1.29,55,4199, E12,312.7604752,63.94669912,108.3842358,625.5209503
ES_IFNa_moredoses,CH058-6MO,6,0.5,4,20000,18796,76.3,14343,4.3,617,13726,23.7,4450,1.82,81,4369, G12,307.6716385,65.00436665,110.1768926,615.3432771
ES_IFNa_moredoses,CH058-TF,7,0.2,1,19022,16489,23.1,3809,89.6,3411,398,76.9,12675,43.1,5457,7218, A05,195.9535337,97.07403402,164.5322611,391.9070675
ES_IFNa_moredoses,CH058-TF,7,0.2,2,18955,16555,21.7,3599,88.1,3170,429,78.2,12946,44.2,5718,7228, C05,195.0296611,97.19034476,164.7293979,390.0593222
ES_IFNa_moredoses,CH058-TF,7,0.2,3,19604,16999,21.1,3590,88.5,3177,413,78.8,13400,43.1,5773,7627, E05,201.9496193,97.07371604,164.5317221,403.8992386
ES_IFNa_moredoses,CH058-TF,7,0.2,4,20000,17436,25.1,4374,92,4024,350,74.9,13053,41.9,5472,7581, G05,207.3836965,96.43959646,163.4569432,414.7673929
ES_IFNa_moredoses,CH058-6MO,7,0.2,1,20000,17981,46.1,8283,90.3,7479,804,53.9,9686,38.6,3743,5943, A06,251.4318382,79.54442105,134.8210526,502.8636763
ES_IFNa_moredoses,CH058-6MO,7,0.2,2,20000,17883,45,8040,91.2,7336,704,55,9834,39.4,3871,5963, C06,242.0197054,82.63789912,140.0642358,484.0394108
ES_IFNa_moredoses,CH058-6MO,7,0.2,3,20000,17985,44.1,7937,91.6,7270,667,55.8,10042,38.9,3910,6132, E06,246.6102308,81.09963621,137.4570105,493.2204615
ES_IFNa_moredoses,CH058-6MO,7,0.2,4,20000,17737,40.8,7240,91.8,6643,597,59.2,10493,40.9,4288,6205, G06,236.3809424,84.60918973,143.4054063,472.7618847
ES_IFNa_moredoses,CH058-TF,7,0.3,1,20000,17807,32,5694,90.8,5170,524,68,12104,38,4600,7504, A07,225.8040008,88.57238989,150.1226947,451.6080016
ES_IFNa_moredoses,CH058-TF,7,0.3,2,20000,17972,38.1,6846,89.9,6155,691,61.9,11120,35.3,3928,7192, C07,239.1570609,83.62705213,141.7407663,478.3141218
ES_IFNa_moredoses,CH058-TF,7,0.3,3,20000,17843,33.2,5921,91,5390,531,66.8,11914,37.8,4506,7408, E07,226.4425391,88.32262737,149.6993684,452.8850782
ES_IFNa_moredoses,CH058-TF,7,0.3,4,20000,17829,36.1,6436,91.7,5900,536,63.9,11384,37.7,4293,7091, G07,226.4659796,88.31348547,149.6838737,452.9319592
ES_IFNa_moredoses,CH058-6MO,7,0.3,1,20000,18545,58.2,10799,71.1,7683,3116,41.7,7736,27.8,2153,5583, A08,290.673233,68.80578509,116.6199747,581.3464659
ES_IFNa_moredoses,CH058-6MO,7,0.3,2,20000,18566,61,11332,67.1,7603,3729,38.9,7226,27,1951,5275, C08,315.1534678,63.46114526,107.5612632,630.3069356
ES_IFNa_moredoses,CH058-6MO,7,0.3,3,20000,18565,57.5,10677,71.3,7618,3059,42.5,7882,27.3,2151,5731, E08,307.4307883,65.05529297,110.2632084,614.8615766
ES_IFNa_moredoses,CH058-6MO,7,0.3,4,20000,18598,57.1,10616,74.1,7868,2748,42.9,7979,28.2,2252,5727, G08,294.7902339,67.84485272,114.9912758,589.5804678
ES_IFNa_moredoses,CH058-TF,7,0.4,1,20000,18626,63,11738,54.7,6418,5320,37,6887,22.9,1577,5310, A09,294.1646027,67.9891456,115.23584,588.3292053
ES_IFNa_moredoses,CH058-TF,7,0.4,2,20000,18501,62.6,11574,53.9,6239,5335,37.4,6922,22.7,1574,5348, C09,301.8724417,66.25314947,112.2934737,603.7448833
ES_IFNa_moredoses,CH058-TF,7,0.4,3,20000,18597,58.7,10919,63.8,6971,3948,41.2,7671,24.6,1884,5787, E09,280.3452967,71.34059402,120.9162611,560.6905935
ES_IFNa_moredoses,CH058-TF,7,0.4,4,20000,18548,60.5,11214,63.8,7154,4060,39.5,7327,23.8,1743,5584, G09,284.2570063,70.35886383,119.2523116,568.5140126
ES_IFNa_moredoses,CH058-6MO,7,0.4,1,20000,18928,73.1,13838,18.6,2580,11258,26.9,5089,7.49,381,4708, A10,345.0135093,57.96874459,98.25210947,690.0270186
ES_IFNa_moredoses,CH058-6MO,7,0.4,2,20000,18955,72.9,13819,17.9,2477,11342,27.1,5134,8.16,419,4715, C10,345.4568096,57.89435739,98.12602947,690.9136193
ES_IFNa_moredoses,CH058-6MO,7,0.4,3,20000,18933,72,13634,19.2,2619,11015,28,5292,8.35,442,4850, E10,349.0568159,57.29726248,97.11400421,698.1136317
ES_IFNa_moredoses,CH058-6MO,7,0.4,4,20000,18828,72,13563,18.9,2560,11003,28,5263,8.8,463,4800, G10,351.3490583,56.92344842,96.48042105,702.6981167
ES_IFNa_moredoses,CH058-TF,7,0.5,1,20000,18711,69.7,13036,26.4,3448,9588,30.3,5665,12.4,705,4960, A11,266.9516855,74.91992404,126.9829221,533.903371
ES_IFNa_moredoses,CH058-TF,7,0.5,2,20000,18690,73.2,13690,19.8,2711,10979,26.7,4996,8.91,445,4551, C11,288.7899682,69.2544832,117.38048,577.5799364
ES_IFNa_moredoses,CH058-TF,7,0.5,3,20000,18678,72.4,13526,23.9,3237,10289,27.6,5149,10.7,552,4597, E11,297.0960811,67.31828952,114.0987958,594.1921622
ES_IFNa_moredoses,CH058-TF,7,0.5,4,20000,18741,71.1,13323,23,3070,10253,28.9,5414,11,595,4819, G11,290.819098,68.77127444,116.5614821,581.638196
ES_IFNa_moredoses,CH058-6MO,7,0.5,1,20000,18849,76.3,14374,4.44,638,13736,23.7,4466,1.9,85,4381, A12,299.4307568,66.79340564,113.2091621,598.8615136
ES_IFNa_moredoses,CH058-6MO,7,0.5,2,20000,18790,75.7,14230,3.63,517,13713,24.2,4555,1.95,89,4466, C12,300.8311279,66.48248185,112.6821726,601.6622558
ES_IFNa_moredoses,CH058-6MO,7,0.5,3,20000,18758,75.9,14242,4.38,624,13618,24,4509,1.82,82,4427, E12,311.0395702,64.30050038,108.9838989,622.0791404
ES_IFNa_moredoses,CH058-6MO,7,0.5,4,20000,18829,75.6,14238,6.71,956,13282,24.4,4586,3.25,149,4437, G12,299.4112468,66.79775798,113.2165389,598.8224936
ES_IFNa_moredoses,CH058-TF,8,0.2,1,17030,15013,14.2,2125,93.1,1979,146,85.8,12882,48.7,6279,6603, A05,175.429827,97.07585246,164.5353432,350.8596539
ES_IFNa_moredoses,CH058-TF,8,0.2,2,15650,13843,12,1667,92.3,1539,128,87.9,12174,49.6,6036,6138, C05,161.0220689,97.19164648,164.7316042,322.0441379
ES_IFNa_moredoses,CH058-TF,8,0.2,3,16450,14400,12,1731,93.5,1619,112,87.9,12662,48.2,6102,6560, E05,169.2540596,97.19116952,164.7307958,338.5081192
ES_IFNa_moredoses,CH058-TF,8,0.2,4,17163,15124,15.1,2291,93.5,2143,148,84.8,12829,48,6154,6675, G05,176.5918684,97.19020564,164.7291621,353.1837367
ES_IFNa_moredoses,CH058-6MO,8,0.2,1,19073,16980,33.5,5696,93.6,5334,362,66.4,11281,48.4,5461,5820, A06,196.2439942,97.19023545,164.7292126,392.4879883
ES_IFNa_moredoses,CH058-6MO,8,0.2,2,18954,16726,32.7,5468,94.1,5144,324,67.3,11251,48.2,5418,5833, C06,195.0210868,97.18949019,164.7279495,390.0421736
ES_IFNa_moredoses,CH058-6MO,8,0.2,3,19611,17391,31.5,5475,94.3,5161,314,68.5,11910,47,5598,6312, E06,202.0200544,97.07452093,164.5330863,404.0401088
ES_IFNa_moredoses,CH058-6MO,8,0.2,4,18265,15998,27.7,4430,94.7,4194,236,72.3,11559,47.3,5462,6097, G06,188.1556893,97.07386509,164.5319747,376.3113786
ES_IFNa_moredoses,CH058-TF,8,0.3,1,18968,16631,21,3491,92.5,3230,261,79,13135,44.3,5820,7315, A07,195.1645766,97.18976842,164.7284211,390.3291531
ES_IFNa_moredoses,CH058-TF,8,0.3,2,18813,16574,26.2,4350,93.3,4057,293,73.7,12219,43,5249,6970, C07,193.799288,97.07466004,164.5333221,387.598576
ES_IFNa_moredoses,CH058-TF,8,0.3,3,17984,15864,21.5,3416,94.5,3229,187,78.4,12444,44.7,5568,6876, E07,185.2634897,97.07255343,164.5297516,370.5269793
ES_IFNa_moredoses,CH058-TF,8,0.3,4,18014,15886,22.9,3645,93,3391,254,77,12238,44,5383,6855, G07,185.5690986,97.074352,164.5328,371.1381972
ES_IFNa_moredoses,CH058-6MO,8,0.3,1,20000,18222,48.4,8815,82.6,7284,1531,51.6,9399,39.8,3742,5657, A08,253.6361757,78.85310501,133.6493305,507.2723515
ES_IFNa_moredoses,CH058-6MO,8,0.3,2,20000,18293,50.1,9160,81.4,7455,1705,49.9,9129,36.6,3344,5785, C08,256.228578,78.05530577,132.2971284,512.4571559
ES_IFNa_moredoses,CH058-6MO,8,0.3,3,14944,13661,46.9,6406,84.5,5411,995,53.1,7254,37,2681,4573, E08,153.7595322,97.19072236,164.7300379,307.5190643
ES_IFNa_moredoses,CH058-6MO,8,0.3,4,18611,16981,45.8,7775,86.6,6732,1043,54.2,9203,36.1,3325,5878, G08,191.7182977,97.07471966,164.5334232,383.4365953
ES_IFNa_moredoses,CH058-TF,8,0.4,1,20000,18436,53.2,9812,73.7,7228,2584,46.8,8620,31,2669,5951, A09,229.6983826,87.07070451,147.5774653,459.3967653
ES_IFNa_moredoses,CH058-TF,8,0.4,2,20000,18234,52,9480,73.2,6944,2536,48,8748,30,2627,6121, C09,247.3227278,80.86600118,137.0610189,494.6454557
ES_IFNa_moredoses,CH058-TF,8,0.4,3,20000,18074,47.8,8632,79.2,6838,1794,52.2,9438,33.4,3150,6288, E09,238.8782419,83.72466173,141.9062063,477.7564839
ES_IFNa_moredoses,CH058-TF,8,0.4,4,20000,18131,48.6,8811,80.7,7107,1704,51.3,9310,32.7,3044,6266, G09,227.8796959,87.76560775,148.7552674,455.7593917
ES_IFNa_moredoses,CH058-6MO,8,0.4,1,20000,18790,66.7,12539,33,4144,8395,33.3,6251,13.9,870,5381, A10,319.3159322,62.63389322,106.1591411,638.6318644
ES_IFNa_moredoses,CH058-6MO,8,0.4,2,20000,18824,68.1,12817,31.9,4095,8722,31.9,6006,14.8,890,5116, C10,311.2021225,64.26691385,108.9269726,622.4042451
ES_IFNa_moredoses,CH058-6MO,8,0.4,3,20000,18873,67,12653,32.4,4095,8558,32.9,6218,14.9,927,5291, E10,310.4616753,64.42018964,109.1867621,620.9233506
ES_IFNa_moredoses,CH058-6MO,8,0.4,4,20000,18761,65.4,12262,34.2,4192,8070,34.6,6498,13.7,893,5605, G10,313.5407565,63.78756059,108.1145095,627.0815129
ES_IFNa_moredoses,CH058-TF,8,0.5,1,20000,18378,58.9,10826,43,4655,6171,41.1,7551,21.6,1628,5923, A11,243.5299971,82.12540648,139.1956042,487.0599941
ES_IFNa_moredoses,CH058-TF,8,0.5,2,20000,18525,68.9,12761,34.1,4356,8405,31.1,5762,16.3,940,4822, C11,272.5554471,73.37956446,124.3721432,545.1108942
ES_IFNa_moredoses,CH058-TF,8,0.5,3,20000,18439,67.2,12395,36.8,4563,7832,32.8,6039,18.2,1097,4942, E11,272.5431202,73.38288337,124.3777684,545.0862403
ES_IFNa_moredoses,CH058-TF,8,0.5,4,20000,18506,65.3,12091,37.9,4586,7505,34.6,6412,18.2,1167,5245, G11,255.8198273,78.18002307,132.5085137,511.6396546
ES_IFNa_moredoses,CH058-6MO,8,0.5,1,20000,18673,69.8,13042,8.33,1087,11955,30.1,5625,3.32,187,5438, A12,295.5639478,67.66725154,114.6902568,591.1278956
ES_IFNa_moredoses,CH058-6MO,8,0.5,2,20000,18788,75.5,14192,6.12,869,13323,24.4,4589,2.99,137,4452, C12,309.5824905,64.60313684,109.4968421,619.1649811
ES_IFNa_moredoses,CH058-6MO,8,0.5,3,20000,18718,75.2,14067,6.85,963,13104,24.8,4646,3.14,146,4500, E12,320.4461772,62.41297735,105.7847074,640.8923544
ES_IFNa_moredoses,CH058-6MO,8,0.5,4,20000,18737,72.1,13511,10.8,1464,12047,27.9,5221,5.67,296,4925, G12,303.3102416,65.93908564,111.7611621,606.6204833
ES_IFNa_moredoses,CH058-TF,9,0.2,1,13817,12179,9.46,1152,94.5,1089,63,90.5,11021,50.1,5524,5497, A05,142.1623071,97.19172598,164.7317389,284.3246143
ES_IFNa_moredoses,CH058-TF,9,0.2,2,13732,12087,8.03,971,92.9,902,69,92,11114,51.3,5704,5410, C05,141.4569149,97.07549474,164.5347368,282.9138298
ES_IFNa_moredoses,CH058-TF,9,0.2,3,14100,12372,7.86,972,92.9,903,69,92.1,11399,51.1,5824,5575, E05,145.2479276,97.07539537,164.5345684,290.4958552
ES_IFNa_moredoses,CH058-TF,9,0.2,4,14127,12415,9.82,1219,95.2,1160,59,90.1,11192,50.5,5651,5541, G05,145.3530085,97.19097078,164.7304589,290.706017
ES_IFNa_moredoses,CH058-6MO,9,0.2,1,16934,14436,21.6,3116,94.9,2956,160,78.4,11311,54,6110,5201, A06,174.2345772,97.19081179,164.7301895,348.4691544
ES_IFNa_moredoses,CH058-6MO,9,0.2,2,16470,14090,20.4,2880,94.4,2718,162,79.5,11203,54,6051,5152, C06,169.4601515,97.19099065,164.7304926,338.920303
ES_IFNa_moredoses,CH058-6MO,9,0.2,3,16770,14302,20.6,2948,96,2830,118,79.4,11350,52.8,5998,5352, E06,172.5455695,97.19171604,164.7317221,345.0911391
ES_IFNa_moredoses,CH058-6MO,9,0.2,4,15475,13232,17.1,2262,94.4,2136,126,82.9,10968,52.2,5724,5244, G06,159.221291,97.19177566,164.7318232,318.4425821
ES_IFNa_moredoses,CH058-TF,9,0.3,1,14819,12961,12.9,1669,94.7,1580,89,87.1,11288,48.9,5522,5766, A07,152.4709382,97.19229238,164.7326989,304.9418763
ES_IFNa_moredoses,CH058-TF,9,0.3,2,16731,14530,16.5,2391,94.2,2253,138,83.5,12131,48.2,5844,6287, C07,172.3513844,97.07493827,164.5337937,344.7027688
ES_IFNa_moredoses,CH058-TF,9,0.3,3,15465,13440,14,1878,95.3,1789,89,86,11555,48.3,5586,5969, E07,159.1192314,97.19126888,164.7309642,318.2384627
ES_IFNa_moredoses,CH058-TF,9,0.3,4,14461,12543,15.5,1947,94.7,1843,104,84.5,10593,49.1,5202,5391, G07,148.9655277,97.07615057,164.5358484,297.9310555
ES_IFNa_moredoses,CH058-6MO,9,0.3,1,20000,17488,36.3,6342,88.5,5611,731,63.7,11144,46.2,5145,5999, A08,222.8787706,89.73488118,152.0930189,445.7575413
ES_IFNa_moredoses,CH058-6MO,9,0.3,2,20000,17630,38.5,6782,87.4,5927,855,61.5,10842,43.3,4700,6142, C08,226.8238197,88.17416101,149.4477305,453.6476394
ES_IFNa_moredoses,CH058-6MO,9,0.3,3,14853,13200,35.5,4680,89.6,4192,488,64.5,8512,43.4,3698,4814, E08,152.8227601,97.19102046,164.7305432,305.6455201
ES_IFNa_moredoses,CH058-6MO,9,0.3,4,20000,17737,33.9,6005,91.1,5470,535,66.1,11727,43.4,5093,6634, G08,206.377841,96.90962897,164.2536084,412.755682
ES_IFNa_moredoses,CH058-TF,9,0.4,1,20000,17863,42.1,7515,83.8,6299,1216,57.9,10341,35.5,3668,6673, A09,209.7837713,95.3362592,161.58688,419.5675427
ES_IFNa_moredoses,CH058-TF,9,0.4,2,20000,17894,42.5,7607,84.2,6405,1202,57.5,10283,36,3703,6580, C09,214.2238685,93.3602784,158.23776,428.4477369
ES_IFNa_moredoses,CH058-TF,9,0.4,3,19826,17612,37.6,6626,87.6,5806,820,62.3,10979,39.5,4336,6643, E09,203.9871186,97.19241162,164.7329011,407.9742373
ES_IFNa_moredoses,CH058-TF,9,0.4,4,19296,17020,36.9,6281,89.6,5628,653,63,10730,39.9,4280,6450, G09,198.537692,97.19061305,164.7298526,397.075384
ES_IFNa_moredoses,CH058-6MO,9,0.4,1,20000,18684,61.3,11459,53.1,6079,5380,38.7,7223,21.7,1570,5653, A10,276.1833522,72.41566097,122.7384084,552.3667045
ES_IFNa_moredoses,CH058-6MO,9,0.4,2,20000,18742,62.7,11751,47.8,5621,6130,37.3,6983,21.9,1529,5454, C10,285.4742806,70.05885069,118.7438147,570.9485612
ES_IFNa_moredoses,CH058-6MO,9,0.4,3,20000,18815,62.3,11730,49.1,5764,5966,37.6,7082,22.5,1593,5489, E10,287.0960541,69.66309608,118.0730442,574.1921081
ES_IFNa_moredoses,CH058-6MO,9,0.4,4,20000,18691,60.4,11290,54.2,6121,5169,39.6,7397,22.6,1671,5726, G10,279.9953514,71.42975731,121.0673853,559.9907029
ES_IFNa_moredoses,CH058-TF,9,0.5,1,20000,17988,47.7,8578,51.2,4391,4187,52.3,9408,28.7,2704,6704, A11,220.0136667,90.90344387,154.0736337,440.0273333
ES_IFNa_moredoses,CH058-TF,9,0.5,2,20000,18370,62.5,11479,50.7,5817,5662,37.5,6884,24.2,1664,5220, C11,251.3978264,79.55518265,134.8392926,502.7956529
ES_IFNa_moredoses,CH058-TF,9,0.5,3,20000,18291,60.2,11019,52.6,5794,5225,39.7,7268,25,1814,5454, E11,260.7517338,76.70131166,130.0022232,521.5034676
ES_IFNa_moredoses,CH058-TF,9,0.5,4,20000,18157,57.9,10521,51,5363,5158,42,7633,26.3,2008,5625, G11,247.9660747,80.65619469,136.7054147,495.9321494
ES_IFNa_moredoses,CH058-6MO,9,0.5,1,20000,18585,65.2,12125,13.5,1638,10487,34.7,6456,5.22,337,6119, A12,272.8296957,73.30580328,124.2471242,545.6593913
ES_IFNa_moredoses,CH058-6MO,9,0.5,2,20000,18794,72.6,13651,10.4,1418,12233,27.3,5137,4.98,256,4881, C12,297.3260994,67.26621053,114.0105263,594.6521989
ES_IFNa_moredoses,CH058-6MO,9,0.5,3,20000,18748,71.3,13361,11.7,1565,11796,28.7,5385,5.65,304,5081, E12,298.886191,66.91510215,113.4154274,597.772382
ES_IFNa_moredoses,CH058-6MO,9,0.5,4,20000,18682,70.2,13123,18.3,2396,10727,29.7,5557,9.47,526,5031, G12,289.9760068,68.97122358,116.9003789,579.9520137
ES_IFNa_moredoses,CH058-TF,10,0.2,1,12100,10536,7.22,761,92.1,701,60,92.7,9772,51.2,5004,4768, A05,124.4954433,97.19231225,164.7327326,248.9908866
ES_IFNa_moredoses,CH058-TF,10,0.2,2,11717,10206,6.88,702,94.2,661,41,93.1,9503,51.5,4895,4608, C05,120.554864,97.19226257,164.7326484,241.1097281
ES_IFNa_moredoses,CH058-TF,10,0.2,3,12373,10746,6.41,689,93,641,48,93.6,10057,51.1,5139,4918, E05,127.3045287,97.19214333,164.7324463,254.6090574
ES_IFNa_moredoses,CH058-TF,10,0.2,4,13155,11453,7.71,883,93.9,829,54,92.3,10567,51.1,5400,5167, G05,135.3501144,97.19238181,164.7328505,270.7002289
ES_IFNa_moredoses,CH058-6MO,10,0.2,1,14829,12487,16.5,2056,94.5,1942,114,83.5,10424,56.9,5930,4494, A06,152.5771184,97.19019571,164.7291453,305.1542369
ES_IFNa_moredoses,CH058-6MO,10,0.2,2,14581,12266,16.3,2001,94.5,1891,110,83.7,10262,57.1,5861,4401, C06,150.2034696,97.07498796,164.5338779,300.4069391
ES_IFNa_moredoses,CH058-6MO,10,0.2,3,14354,12043,15.9,1913,94.7,1811,102,84.1,10126,55,5565,4561, E06,147.687499,97.19170611,164.7317053,295.374998
ES_IFNa_moredoses,CH058-6MO,10,0.2,4,13127,11139,13.4,1494,94.4,1410,84,86.6,9641,54.6,5264,4377, G06,135.0623574,97.19214333,164.7324463,270.1247148
ES_IFNa_moredoses,CH058-TF,10,0.3,1,13267,11404,10.7,1222,93,1137,85,89.2,10178,50.6,5150,5028, A07,136.6663669,97.07582265,164.5352926,273.3327339
ES_IFNa_moredoses,CH058-TF,10,0.3,2,14103,12068,12.8,1545,94.2,1456,89,87.2,10520,49.5,5211,5309, C07,145.2790842,97.07522644,164.5342821,290.5581685
ES_IFNa_moredoses,CH058-TF,10,0.3,3,13662,11759,10.8,1272,93.7,1192,80,89.2,10484,50.9,5332,5152, E07,140.5677799,97.19154712,164.7314358,281.1355597
ES_IFNa_moredoses,CH058-TF,10,0.3,4,13997,11944,11.8,1407,93.7,1318,89,88.2,10532,49,5156,5376, G07,144.0148025,97.19139806,164.7311832,288.0296051
ES_IFNa_moredoses,CH058-6MO,10,0.3,1,18561,15917,29.7,4722,90,4250,472,70.3,11185,50.2,5618,5567, A08,190.974667,97.19090122,164.7303411,381.9493341
ES_IFNa_moredoses,CH058-6MO,10,0.3,2,18611,16016,31.1,4973,89,4425,548,68.9,11037,49,5412,5625, C08,191.4873173,97.19181541,164.7318905,382.9746347
ES_IFNa_moredoses,CH058-6MO,10,0.3,3,18345,15780,28.2,4452,90.5,4028,424,71.7,11320,48.9,5533,5787, E08,188.7511561,97.19145768,164.7312842,377.5023122
ES_IFNa_moredoses,CH058-6MO,10,0.3,4,18423,15874,25.5,4042,92,3719,323,74.5,11823,48.1,5682,6141, G08,189.5541027,97.19124901,164.7309305,379.1082055
ES_IFNa_moredoses,CH058-TF,10,0.4,1,18248,15902,33.8,5380,86.8,4671,709,66.1,10513,42.3,4442,6071, A09,187.9806804,97.07380547,164.5318737,375.9613608
ES_IFNa_moredoses,CH058-TF,10,0.4,2,18104,15850,33.6,5330,87.7,4676,654,66.3,10515,41.9,4401,6114, C09,186.2736663,97.19033482,164.7293811,372.5473327
ES_IFNa_moredoses,CH058-TF,10,0.4,3,17024,14661,28.4,4162,89.5,3724,438,71.6,10494,43.9,4611,5883, E09,175.1603041,97.19097078,164.7304589,350.3206083
ES_IFNa_moredoses,CH058-TF,10,0.4,4,17098,14629,27.7,4052,90.7,3674,378,72.3,10570,44.5,4707,5863, G09,175.9215478,97.19105027,164.7305937,351.8430957
ES_IFNa_moredoses,CH058-6MO,10,0.4,1,20000,18301,53.6,9812,66.4,6517,3295,46.4,8484,29.9,2540,5944, A10,259.0955645,77.19159545,130.8332126,518.191129
ES_IFNa_moredoses,CH058-6MO,10,0.4,2,20000,18222,57.2,10430,59.8,6237,4193,42.7,7787,28.3,2204,5583, C10,271.5287292,73.65703091,124.8424253,543.0574584
ES_IFNa_moredoses,CH058-6MO,10,0.4,3,20000,18307,56,10248,60.8,6230,4018,44,8049,28.4,2282,5767, E10,263.672535,75.85166198,128.5621389,527.3450701
ES_IFNa_moredoses,CH058-6MO,10,0.4,4,20000,18183,52.8,9600,66.6,6396,3204,47.2,8578,28,2400,6178, G10,261.0479241,76.6142848,129.85472,522.0958481
ES_IFNa_moredoses,CH058-TF,10,0.5,1,19691,17380,42.6,7407,56.5,4188,3219,57.3,9961,32.5,3239,6722, A11,202.6012077,97.19093103,164.7303916,405.2024153
ES_IFNa_moredoses,CH058-TF,10,0.5,2,20000,17932,58.3,10459,62.7,6559,3900,41.6,7463,28.6,2135,5328, C11,223.99668,89.28703764,151.3339621,447.99336
ES_IFNa_moredoses,CH058-TF,10,0.5,3,20000,18006,56.3,10138,62.7,6359,3779,43.7,7862,28.2,2215,5647, E11,228.5213003,87.51919394,148.3376168,457.0426006
ES_IFNa_moredoses,CH058-TF,10,0.5,4,20000,17761,52.9,9390,59.1,5548,3842,47.1,8367,30.8,2576,5791, G11,221.0840054,90.46335107,153.3277137,442.1680109
ES_IFNa_moredoses,CH058-6MO,10,0.5,1,20000,18411,62.8,11559,21.1,2443,9116,37.2,6845,7.92,542,6303, A12,257.6621442,77.62102602,131.5610611,515.3242884
ES_IFNa_moredoses,CH058-6MO,10,0.5,2,20000,18678,72.3,13499,16.7,2253,11246,27.7,5177,7.32,379,4798, C12,282.6219309,70.76591663,119.9422316,565.2438618
ES_IFNa_moredoses,CH058-6MO,10,0.5,3,20000,18653,69.5,12956,18.1,2349,10607,30.5,5690,7.22,411,5279, E12,272.2922107,73.45050358,124.4923789,544.5844215
ES_IFNa_moredoses,CH058-6MO,10,0.5,4,20000,18506,67.9,12559,26.9,3381,9178,32.1,5942,11.5,686,5256, G12,264.1404069,75.71730594,128.3344168,528.2808138